time,seed,min_p
0.42972469329833984,9279,0.0006110155954957008
0.4328429698944092,1347,0.000967773434240371
0.4387671947479248,2399,0.0012819174444302917
0.430950403213501,4513,0.002365799155086279
0.43090081214904785,4757,0.0037686796858906746
0.44000983238220215,512,0.00458056665956974
0.4866068363189697,4264,0.004580605309456587
0.4253575801849365,9970,0.005922319367527962
0.4297816753387451,1890,0.006882793270051479
0.4383394718170166,6751,0.010442671366035938
